Team,Conf,G,Rec,AdjOE,AdjDE,Barthag,EFG%,EFGD%,TOR,TORD,ORB,DRB,FTR,FTRD,2P%,2P%D,3P%,3P%D,Adj T.,WAB
Gonzaga,WCC,19,17-26–0,123.52,91.116,.97071,60.61,436,16.236,17.9220,31.777,25.158,32.1122,2218,62.91,427,37.819,3033,73.44,3.212
Houston   (H) 83 Tulane,Amer,20,18-27–0,118.26,87.65,.96882,53.543,42.75,16.339,23.914,38.83,28.5184,29.5193,31.2211,53.751,42.710,35.479,28.513,64.9308,3.114
Baylor,B12,22,19-37–2,118.95,91.520,.95333,55.219,4889,19.1194,24.89,38.15,26.695,26290,26.282,55.128,49.4161,36.934,30.345,67.9153,5.23
Kentucky   (H) 96 Vanderbilt,SEC,21,17-46–2,120.04,92.524,.95204,54.825,45.935,1763,18.1209,39.11,22.210,25308,2443,55.816,46.354,34.9100,30.239,68.7108,315
Purdue   (A) 92 Minnesota,B10,21,18-37–3,126.11,97.882,.94915,58.92,48.5116,17.168,14.7339,37.26,23.524,37.724,21.917,56.97,48.1110,41.22,32.7133,66.4241,4.16
Villanova   (A) 37 Marquette,BE,21,16-59–2,117.57,91.317,.94836,52.188,46.444,14.710,19.5124,31.967,26.9106,28.6222,24.651,49.6173,46.865,36.645,30.551,61356,3.311
Arizona,P12,19,17-27–1,115.016,89.48,.94747,54.234,42.43,17.9115,19.4132,36.611,27.9157,33.387,23.835,56.97,39.21,33.2189,32.2114,73.53,3.59
Auburn,SEC,22,21-19–0,116.312,90.515,.94678,51.997,4519,15.726,21.448,33.145,28161,31.1154,33.1249,53.654,43.312,32.9206,31.9103,69.676,6.51
UCLA,P12,18,16-28–1,114.519,89.59,.94419,51.6110,46.850,13.84,20.576,31.393,25.158,30.3176,26.897,50.9124,46.354,35.479,31.8100,67.8154,3.87
Texas Tech,B12,22,17-56–3,109.752,86.34,.939810,53.347,45.423,19.7232,23.914,35.118,25.979,37.822,32229,55.717,44.823,32.7221,30.758,66.3244,3.113
Duke,ACC,21,18-38–2,115.414,91.418,.936311,54.727,4519,1515,18.2202,31.679,29.5227,28.4228,17.71,5530,45.432,36.159,29.527,68.6114,3.410
Kansas,B12,21,18-37–1,120.43,95.447,.935312,55.415,48.2100,18.3139,19.5124,34.723,27.9157,30.5171,27.8127,55.717,49.1153,36.549,30.963,69.289,5.72
Illinois   (H) 22 Wisconsin,B10,20,15-58–2,114.717,92.826,.919013,53.839,44.614,19.3212,15.8318,36.98,25.263,30.3176,28129,52.775,4311,36.934,32.3120,66.8215,2.123
Texas,B12,22,16-65–4,110.840,89.912,.917914,51.997,45.627,18.9179,24.89,32.359,29.1208,30.7167,30.7197,53.363,45.228,33.1193,30.963,62.5348,1.334
Tennessee,SEC,21,15-66–3,109.654,89.611,.911015,51127,48.7128,18.5153,25.17,33.436,26.9106,27.2264,29.5161,51.6101,48.1110,33.5176,33145,68.5119,2.516
Indiana,B10,21,16-57–4,108.472,89.610,.899516,53.251,43.38,18.8171,17.9220,28.1189,24.750,35.156,27.7121,53.558,41.45,35.190,30.862,67.6168,1.137
Michigan St.,B10,21,17-48–2,112.726,93.733,.893217,5353,44.917,20.4277,16308,33.145,26.695,33.387,24.959,50.3148,45.637,38.99,29.222,68.5123,3.88
Xavier   (H) 153 Butler,BE,20,15-55–4,112.527,93.732,.891318,50.9136,46.341,17.7100,18.8163,30.9104,23.729,3647,21.29,50.8128,45.637,33.9158,31.686,69.583,2.417
LSU,SEC,22,16-64–5,103.1157,86.13,.887919,49.4193,43.711,20.6291,25.54,34.226,28.9203,29.8187,36304,49.5174,45.840,32.8215,27.65,69.290,2.220
Iowa St.,B12,22,16-63–6,105.3113,88.07,.887520,50.8139,46.952,20.3271,25.83,30.3122,27.7148,28.9212,36.8309,51.996,50.1188,32.5233,27.65,66.8214,2.319
Washington St.,P12,19,12-75–3,107.881,90.514,.882021,49.9177,4519,17.9115,21.351,35.914,27.4127,31.9128,33.2251,49.5174,44.515,33.6173,30.655,66.4237,-3.2130
Wisconsin   (A) 13 Illinois,B10,20,17-38–2,112.229,94.640,.877522,48.2245,49.3150,12.52,17.6242,26.8230,24.750,32.3111,26.588,47.6254,48.6137,32.9206,33.9205,66.9212,54
Saint Mary's,WCC,20,17-45–1,108.470,91.922,.870023,52.766,47.780,18.3139,20.391,30.1126,22.19,24.7315,24.245,53.460,46.659,34.4127,33.5178,64332,2.124
Boise St.,MWC,20,17-48–0,103.7149,87.96,.869624,49.4193,45.423,19.1194,20.863,31.967,21.66,34.962,27.2103,49.2187,44.618,33.1193,31.582,65.6282,1.926
Alabama,SEC,22,14-84–5,117.09,99.3120,.868525,52.282,49.6169,18.5153,17.9220,35.914,31271,33.583,34.5281,56.610,50.9231,31.4273,31.686,71.424,1.731
,,,,,,,,,,,,,,,,,,,,
Iowa,B10,21,14-74–6,116.510,99.0114,.866826,51.997,49.6169,12.41,20.863,31.586,30.7264,31.6135,28.2136,52.970,50.2195,33.6173,32.4124,70.645,0.154
San Diego St.,MWC,17,12-54–2,98.0257,83.31,.866427,47.7263,42.32,19.1194,21.742,28.3179,27.6139,30.4175,27.7121,46.6286,41.66,33.4182,28.920,66265,0.155
Ohio St.,B10,18,13-56–3,116.511,99.1115,.865628,55.711,4754,17.588,16308,30.1126,28.1167,32.5106,29.7168,56.214,45.944,36.837,32.6128,66.5234,2.221
San Francisco,WCC,21,17-54–3,109.556,93.230,.864529,53.937,46.341,19.6229,18.5182,31.393,2555,26.8274,29.3155,55.522,47.899,34.6115,28.513,68.6116,0.448
Connecticut,BE,20,15-56–3,110.841,94.641,.860730,49.5189,43.812,17.483,20.197,38.83,28.5184,32.997,34267,48.1234,40.63,34.9100,33.9205,66.3250,0.841
Oklahoma,B12,22,13-93–6,109.655,93.834,.857631,55.120,47.884,21.7332,21.644,25.7260,27.4127,28.4228,27.4110,58.94,49146,33200,30.447,66266,-0.361
Arkansas   (A) 190 Georgia,SEC,21,16-55–3,109.753,93.835,.857232,50.2164,48.6124,17.9115,20.863,31.872,22.816,38.815,31.7221,53.167,47.176,29.6323,33.8197,71.719,0.644
Florida   (A) 162 Missouri,SEC,21,13-83–5,111.532,95.649,.855233,49.7183,48.6124,19.3212,23.220,33.929,31.4288,37.425,29.7168,5446,49.2157,29.9315,31.477,67206,-1.275
Fresno St.,MWC,20,15-65–3,107.783,92.523,.853234,51.2120,47.467,18122,20.485,29.1149,22.210,30.2182,27.5115,51.4109,4774,33.9158,31.9103,61.5353,-0.968
Michigan,B10,19,11-85–4,114.618,98.494,.851135,52.956,48.7128,18.1130,15.2332,31.777,23.729,31.2148,25.471,53.558,49.7169,34.4127,31.374,65.8271,-172
North Carolina,ACC,22,16-68–3,112.925,97.173,.849036,52.282,49.3150,16.549,13.3355,30.7112,20.23,31.1154,21.613,49.1194,48.4130,38.514,33.8197,70.741,1.235
Marquette   (H) 6 Villanova,BE,22,15-77–4,108.273,93.229,.848537,52.380,45.423,17.694,19.5124,22.8315,31.5292,27.5250,29.1150,52.188,4525,3596,30.963,70.838,1.632
Providence,BE,21,19-29–1,111.337,95.951,.847938,50.3159,46.647,17.8108,16.5294,30.4117,28161,39.810,22.322,49.9162,4648,34148,31.796,65.7278,4.75
Oregon,P12,19,13-76–3,114.221,98.493,.846439,53.937,49.4158,17.9115,20.672,31.1100,30.5259,31.4141,28.3139,53.654,49.9178,36.353,32.4124,66.6228,-0.969
Utah St.,MWC,21,13-94–5,110.347,95.246,.844840,54.727,48.2100,18.7167,19155,25.1273,23.119,30.3176,27.3107,56.79,47.486,34.5120,32.8139,67.3180,-2.6108
TCU,B12,19,15-44–3,105.9105,91.419,.844141,48.2245,4636,21.1307,19.4132,39.11,25.367,30.3176,22.425,49.7169,45.535,30.1311,31.272,65.9268,2.318
Mississippi St.,SEC,21,14-75–3,113.322,97.985,.843342,52.766,50.7213,18.8171,19.7110,35.317,2439,35.950,26.794,54.243,50.7222,32.7221,33.8197,65.5287,-0.867
Wake Forest   (H) 195 Pittsburgh,ACC,22,17-57–4,110.148,95.245,.842543,55.613,46.238,18.4147,17.5248,26.3245,26.9106,33.387,2799,59.73,45.432,33.3185,31.686,7064,139
North Texas,CUSA,17,15-48–1,108.177,93.631,.839644,51.8102,48.195,19188,19.6117,31.586,25.263,3394,31.3213,48.1234,49.8173,37.621,29.424,59.6357,0.252
Murray St.,OVC,19,20-210–0,110.742,95.955,.838645,53.543,4889,17.8108,21.742,36.512,27.6139,31.3144,23.941,53.654,50.5211,35.479,29.424,67.3183,1.827
Oklahoma St.   (A) 70 Kansas St.,B12,20,10-103–5,104.4134,90.413,.838646,47.8258,46.647,21.2314,24.212,32.849,31.7301,35.752,34.3277,49.1194,44.413,29.9315,33.3167,68.996,-1.583
USC,P12,21,18-38–3,111.434,97.071,.830647,52.859,43.69,16.443,15.2332,34.324,25.979,30.9161,23.835,52.577,40.63,35.667,32.7133,67207,2.122
BYU,WCC,21,17-65–3,109.261,95.244,.828748,50.8139,45.731,18.6164,15.5327,3264,23.628,28.2237,30.5189,49.8166,47.279,35.190,28.818,68.7109,1.236
Virginia Tech   (H) 130 Georgia Tech,ACC,21,11-103–7,113.223,99.0109,.825149,55.317,47.987,17.378,19.2143,27.8200,29.2211,21.7350,25.471,51122,49.2157,41.22,30.551,63.1343,-2.9117
SMU,Amer,20,16-47–1,111.533,98.087,.814650,53.347,44.816,18.3139,16.8284,29.8135,29.8242,35.453,23.332,52.383,44.413,36.549,30.447,68.3132,0.742
,,,,,,,,,,,,,,,,,,,,
Creighton,BE,20,13-75–4,105.7108,93.028,.813851,51.3117,44.715,21.5326,16308,30.1126,28.8198,25.4302,20.55,54.243,42.38,30.9290,33145,67203,0.156
VCU   (H) 53 Dayton,A10,19,13-66–2,96.6283,85.12,.811252,49.7183,42.43,21.9337,26.42,26.6236,33.4335,28.6222,37.1313,48.9204,44.515,34.3135,25.62,67.5172,-0.157
Dayton   (A) 52 VCU,A10,21,14-76–2,105.3114,92.927,.809353,52.859,47.361,21.4323,18.5182,31.872,23.119,32.2116,2218,54.145,45.944,33.7169,33.1150,64.2329,-1.990
Saint Louis   (A) 94 George Mason,A10,19,14-65–2,108.864,96.057,.808254,50170,46.850,18.9179,19.7110,36.79,28.4180,3559,34.8285,49.1194,46.970,34.9100,31.170,68.5127,-1.481
Loyola Chicago   (H) 183 Illinois St.,MVC,19,16-47–2,109.751,96.868,.807955,56.29,47.571,17.270,19.6117,23.2309,23.524,32.2116,24.755,56.610,47.176,3731,32109,64.5322,138
Miami FL   (H) 78 Notre Dame,ACC,21,16-58–2,114.320,100.9150,.807656,53.543,52.9294,14.27,20.485,23.4305,31271,33.778,24.651,52.872,52275,36.549,36.1300,68.1139,1.830
Belmont,OVC,21,17-57–2,111.831,99.0112,.802357,56.85,49.4158,1763,20.391,26.4238,28.1167,25.8295,2564,60.12,49.1153,35.190,33.1150,69.582,0.153
UAB,CUSA,20,17-57–2,109.259,96.765,.802358,51.8102,47.467,15.930,23.518,33.436,28.8198,27.3260,31207,49.8166,4648,37.524,33.3167,69.681,-0.563
Furman   (H) 259 The Citadel,SC,22,16-78–2,111.039,98.492,.799659,55.415,50.1186,16.960,19155,27.2216,27111,24327,22.322,5368,51.3246,38.415,31.9103,65.9267,-1.886
Memphis,Amer,19,11-85–4,108.275,96.056,.797760,52.477,46.952,23.3350,21.547,37.17,31.6298,40.38,34.4278,5292,44.515,35.577,33.5178,71.718,-293
West Virginia,B12,21,13-82–6,106.3101,94.439,.797261,47.8258,49.1142,18.4147,23.616,30.9104,34.4349,36.143,29.2152,48240,50.3201,31.6265,31.477,67.6167,0.351
Missouri St.   (A) 124 Southern Illinois,MVC,22,16-77–3,112.428,99.8126,.797162,55.120,48.4112,15.218,16.7287,25.7260,24.852,27.1268,27.2103,54.537,47.279,37.425,33.6183,66.6231,-2.4101
Davidson,A10,20,18-38–1,117.48,104.7225,.789763,56.94,50.9222,1633,17276,24.7277,22.714,31.9128,28129,5446,50.2195,40.84,34.5228,64.8313,1.828
Cincinnati,Amer,20,15-65–3,103.8144,92.625,.788164,47.9256,41.71,15.218,18.8163,31.491,29.5227,27.9242,33.8263,48240,40.12,31.8253,30.239,67.8157,-170
Wichita St.,Amer,19,11-82–5,102.7166,91.821,.783465,46.5296,4636,19.3212,2159,31.679,27.8152,32.4108,31207,46300,46.659,31.4273,30.136,67.7164,-2.3100
Texas A&M,SEC,21,15-74–5,107.880,96.461,.783266,50.8139,47.361,19.4218,24.89,33.832,33.1330,33.876,33.4258,50.8128,46.456,33.9158,32.6128,66.7222,-0.765
Toledo,MAC,21,18-410–1,110.545,98.8105,.783067,52.672,46.749,15.930,16308,30.1126,27.7148,30.3176,24.959,52.285,48105,35.667,30.136,69.774,0.349
Syracuse   (A) 103 North Carolina St.,ACC,21,10-114–6,115.713,103.5196,.782968,52.188,51.9260,16.236,18.5182,30.8107,32311,31.3144,24.448,50.8128,52.2281,36.159,34.4226,68.2134,-3.7144
Colorado St.,MWC,18,16-36–3,113.224,101.5161,.778769,56.66,50.6207,1515,18.1209,22.6320,23.322,31.5137,2564,56.512,51.4249,37.918,33.1150,67.4175,1.433
Kansas St.   (H) 46 Oklahoma St.,B12,20,10-102–6,104.6127,94.036,.774470,48.8221,46.238,16.754,19.8107,25.8258,27.4127,27270,32.9245,47.6254,50.3201,33.7169,26.93,66.2254,-1.887
Florida St.   (A) 77 Clemson,ACC,20,13-76–4,107.882,96.869,.773771,50.8139,52262,18.8171,22.431,3347,28.2171,31.5137,30.9204,50.5140,48.7139,34.3135,37.5328,67.3182,-0.360
Wyoming,MWC,19,17-36–1,111.930,100.7144,.772572,55.120,4754,16.443,15.6325,24.3285,24.852,40.65,23.231,57.56,50.2195,34.6115,28.19,66.1257,225
Ohio,MAC,19,17-38–1,105.8106,95.243,.772073,51127,48.7128,16.236,20.863,28.6170,25.468,29.4199,26.282,51.5105,50.6216,33.5176,30.447,67.4177,0.743
Northwestern,B10,19,10-103–8,109.850,98.8106,.771074,50170,49.6169,13.95,19.6117,27.4209,24.444,26290,38.3323,48.5219,4774,35.190,35.6274,67.6166,-3.1123
Chattanooga   (A) 212 Samford,SC,20,18-48–1,111.435,100.2137,.770875,5353,49.1142,17.270,18.8163,3520,28.8198,28240,26.794,52.970,50185,35.479,31.796,64.3327,0.547
,,,,,,,,,,,,,,,,,,,,
Seton Hall,BE,19,13-74–6,106.597,95.952,.770276,46.9287,45.627,17.694,18.6176,32.948,27.2118,3647,26.690,46.8280,44.618,31.5270,31.796,69.967,-0.259
Clemson   (H) 71 Florida St.,ACC,20,11-93–6,109.358,98.597,.767277,53.740,48.4112,16.857,17.7234,27.4209,24.142,28.5225,29.9175,51.1119,47.486,38.711,33.3167,67.2188,-3.2132
Notre Dame   (A) 56 Miami FL,ACC,20,14-77–3,109.063,98.595,.762278,52.282,50.1186,15.726,17276,21.8333,24.444,27.3260,25.266,49.9162,49.9178,36.837,33.7186,65.6284,-0.158
Louisiana Tech,CUSA,18,16-57–2,108.176,97.986,.757679,52.766,47.361,16.651,19.3139,26.7232,29205,30.8164,27.3107,5446,45.739,34148,33.3167,68.2133,-1.276
South Dakota St.,Sum,22,20-411–0,115.315,104.8231,.749480,58.83,51.8257,16.339,15.8318,24.3285,23.937,34.764,2218,55.522,51.2243,43.31,35.1256,71.232,0.350
Iona,MAAC,21,18-310–0,107.388,97.779,.747281,50.3159,4754,17.7100,19.3139,32.456,28161,40.38,33.2251,51.3112,47.486,32.3240,30.758,70.744,1.829
Mississippi,SEC,22,12-103–6,105.3115,95.953,.745582,49.4193,48.8132,19188,20.485,27.1220,27111,29.6192,25.977,49.5174,51.5256,32.8215,29.629,65.7272,-2.8114
Tulane   (A) 2 Houston,Amer,18,9-96–3,108.568,99.0111,.741683,51.5112,49.8176,15.523,21.448,21344,31.1275,32.1122,29.3155,49.2187,49146,36.837,33.8197,67.6169,-4.3162
Santa Clara,WCC,22,14-84–3,110.546,100.8148,.740384,54.825,48.2100,16.443,17.5248,22.7317,27.8152,27.5250,19.83,53.849,46.762,37.819,34.3220,71.522,-294
St. John's,BE,20,11-93–6,107.784,98.598,.734885,50.8139,48.8132,17.694,23.220,33.242,33.9342,27.7245,34.2273,50.3148,44.618,34.5120,37.1323,73.25,-2.9116
Maryland,B10,22,11-113–8,106.894,98.088,.729386,48.2245,4889,17.7100,15.6325,27.6204,27.2118,36.241,22.829,48.7213,46.865,31.6265,33.2163,66.8217,-3.3135
Towson,CAA,22,16-67–2,110.544,101.5160,.726387,51.4114,47.361,17.378,18.5182,35.416,28.3176,33.972,30.6193,49.8166,47.176,35.963,31.686,64.5321,-1.991
Bradley   (A) 102 Northern Iowa,MVC,21,12-106–4,105.0119,96.563,.724988,51.8102,45.833,19.8245,18.9158,31.679,25.672,27.6248,30.6193,51.5105,44.721,34.9100,31.8100,67.6170,-5.3182
UCF,Amer,19,12-74–5,107.586,99.0113,.719889,51127,48.5116,19.8245,22.137,31.679,31.1275,29.4199,30.6193,50.2153,51237,34.8110,30.239,67.7160,-1.174
Virginia,ACC,22,13-97–5,107.389,99.0110,.717190,50.3159,49140,16.754,18.8163,29.1149,29.6232,29210,24.144,50.6136,46.558,33200,35.1256,58.8358,-2.4103
Penn St.,B10,18,9-94–6,104.8123,96.867,.713791,50.5151,48.4112,19.8245,14.2347,29.8135,25.774,24.8313,25.977,51.3112,45.840,33200,35247,62.3349,-1.989
Minnesota   (H) 5 Purdue,B10,18,11-72–7,108.569,100.2138,.712592,5293,48.2100,14.38,16.2303,18.8354,28.9203,24.7315,21.410,51.4109,50.9231,35.479,28.717,64.6315,-0.766
Liberty,ASun,19,15-76–1,108.079,99.9128,.709593,56.66,47.259,18.7167,18.3194,21.4339,2439,28.4228,33247,54.735,45.535,398,33.3167,64.4326,-3.6141
George Mason   (H) 54 Saint Louis,A10,18,11-74–1,106.596,98.6100,.708894,55.514,48.8132,17.9115,18.3194,25.5263,22.816,28.5225,27.3107,5615,47.794,36.645,33.5178,65.1305,-3.2133
Vermont   (H) 338 NJIT,AE,19,16-48–0,110.643,102.4175,.708095,56.48,49.9180,14.914,17.1272,21.2340,18.82,27.4255,23.433,58.65,47.9102,35.864,35.1256,65.2301,-0.764
Vanderbilt   (A) 4 Kentucky,SEC,20,11-93–5,103.1155,95.650,.705496,48.6231,48.195,18.8171,22.728,28.8162,29.6232,37.822,30.7197,49.2187,50.6216,31.9249,29.831,66.1256,-3122
Richmond,A10,22,14-85–4,107.685,99.8127,.702697,52.282,50.8217,14.16,19.5124,23.6302,28.4180,28.7220,23.734,5368,49.8173,34148,35.1256,67.6165,-2.297
UNLV,MWC,21,13-95–4,106.993,99.2116,.702298,48.7228,49.2148,1763,18.6176,27.2216,26.491,32125,29.7168,48.6218,48.8141,32.5233,33.1150,67.4178,-2.8113
Hofstra,CAA,19,13-85–3,109.457,101.5162,.701699,53.251,53.8323,15.218,19.9102,23313,27.1115,22.6340,24.651,56.512,51.4249,32.6230,37.8331,68.6117,-2.6109
Grand Canyon,WAC,17,14-54–3,102.9161,96.664,.6750100,50.8139,43.27,20254,18.5182,36.79,28.7192,29.2207,32.2232,50.1155,45.944,34.5120,24.91,65.4296,-2.196
,,,,,,,,,,,,,,,,,,,,
Rhode Island   (A) 196 Fordham,A10,18,12-73–4,100.4214,94.237,.6745101,52.859,4413,20.3271,20.391,27.3214,29.4224,37.425,35.3295,53.363,42.59,34.4127,30.758,66261,-3.4137
Northern Iowa   (H) 88 Bradley,MVC,19,11-97–3,108.274,101.9167,.6661102,5353,53.5317,17.270,17276,21.5338,18.31,35.156,24.959,53.751,54.3327,34.7112,35.1256,67.7163,-4.4166
North Carolina St.   (H) 68 Syracuse,ACC,22,10-123–8,111.436,104.9232,.6660103,49215,52.2269,14.812,18.7171,32.261,31.8303,30.1185,29.1150,48.1234,50.8227,33.5176,36.7311,67.1197,-4.9176
Drake   (A) 151 Indiana St.,MVC,20,16-67–2,107.091,100.9149,.6640104,51.7109,50.3195,16.651,19.1148,31102,26.8101,31159,34.7282,51.6101,49.4161,34.6115,34.5228,66262,-1.380
New Mexico St.,WAC,17,17-36–1,105.4110,99.4123,.6624105,53.347,45.627,20.9298,15.8318,32.261,25.263,35.851,29.9175,54.439,46.762,34.5120,29.424,67204,0.940
Utah Valley,WAC,18,14-65–3,105.4112,99.4124,.6613106,52.575,45.833,21.2314,15.9314,32.653,24.648,36.932,28129,51.2116,45.840,3731,30.551,65.2304,-2.5105
Colorado,P12,21,13-85–6,101.8187,96.259,.6583107,48.6231,47.780,20.5282,18.3194,30.2125,24.852,36.833,27.5115,47.5258,46.970,34148,32.7133,67199,-1.378
Middle Tennessee,CUSA,18,14-65–2,103.3153,97.983,.6493108,50.3159,48.5116,19.6229,2238,30.3122,28.2171,32.3111,39.5334,53.849,48.1110,30.6298,32.7133,69.191,-1.992
Utah,P12,22,8-141–11,107.487,101.9166,.6472109,48253,47.884,19.4218,14.4342,30.8107,29.5227,30.5171,29.7168,46.3296,49.3160,33.7169,3033,66.3245,-6.6227
Stanford,P12,20,13-76–4,102.2176,97.072,.6447110,49.1210,50.7213,22.6347,17.3261,33.929,228,36.536,30.4187,47.9245,53.2304,34.1147,31.477,67.7162,0.646
Rutgers,B10,21,12-96–5,100.9203,95.954,.6407111,47.7263,47.571,17.7100,19.2143,30.4117,27111,26.7277,28.1135,46.9276,45.329,32.9206,33.7186,65.7273,-2.7112
DePaul,BE,20,10-101–9,104.6126,99.7125,.6351112,48.5237,48.3108,18.1130,17.4257,32.849,28.2171,32.997,24.755,48.7213,46.659,32247,34.2216,69.388,-3.7147
Wofford,SC,21,13-105–6,109.260,104.2214,.6326113,54.727,54.7341,17.694,20.672,27.4209,23.221,28.3234,29.6165,55.522,52.6292,3661,38.2340,64.9309,-5.6193
Louisville,ACC,22,11-115–7,103.3152,98.6102,.6319114,49.1210,48.195,17.9115,16.4297,26.6236,2555,28.3234,31.8224,49201,46.865,32.9206,33.3167,67.8155,-4.4167
Oakland,Horz,19,16-59–1,103.6150,98.9108,.6310115,48.8221,48.9138,18.1130,21.156,31.297,32.3315,33.876,21.410,52.480,53.3308,28.9333,28.513,69.678,-0.562
California,P12,22,9-132–9,103.3154,98.7103,.6264116,48.6231,47.157,1763,14.4342,24.2288,23.322,24.2325,29.9175,47.9245,48.2120,33.5176,30.136,63.8335,-5.6192
Wagner,NEC,15,14-28–0,102.4173,97.984,.6264117,51.1123,47.467,19188,23.220,33.340,26.695,32.4108,40337,54.831,48.6137,27.5348,30.447,68.1141,0.645
South Carolina,SEC,20,13-84–5,98.5248,94.438,.6198118,47.7263,46.238,21.6330,22.431,34.324,32.3315,30.3176,44.3350,47.5258,46.151,31.9249,3167,70.451,-1.379
Seattle,WAC,19,17-48–0,101.0200,96.866,.6194119,50.8139,47.676,16.754,21.351,25.2268,23.937,28.9212,40.5342,49.4180,47.384,34.9100,32109,70.743,-1.277
St. Bonaventure,A10,18,12-64–3,108.865,104.6224,.6124120,49.6187,50.5205,16.339,17.3261,29.6141,27.2118,31.3144,22.322,50.4145,48105,31.8253,35.7278,65.3300,-173
Morehead St.,OVC,20,17-69–1,104.5132,100.6142,.6082121,52.956,4889,20.9298,17.5248,30.8107,29.7236,31.4141,22.121,51.4109,47.899,36.934,32.3120,64.9307,-171
Jacksonville St.,ASun,19,15-68–0,105.4111,101.5159,.6078122,5436,4889,21.1307,17.8227,29.7140,2681,36.143,20.88,48.8207,48.8141,40.65,31.374,65.6281,-295
Delaware,CAA,21,15-76–3,109.162,105.0237,.6068123,54.630,50.4201,19.2205,18.2202,27.8200,30244,33.192,30180,55.426,47.589,35.667,36.8315,66.9209,-3.1125
Southern Illinois   (H) 62 Missouri St.,MVC,21,11-114–6,101.4197,97.780,.6048124,51.1123,48.8132,18.3139,17.9220,24.7277,22.210,29.7188,26.794,50160,50.4206,3596,30.345,61.8351,-6.2219
South Alabama,SB,17,15-65–3,104.7124,101.1153,.5987125,52.188,48.195,19.1194,21.940,26.2247,31.8303,31.1154,31.8224,52.872,48.5134,33.8164,31.686,68.8102,-2.5104
,,,,,,,,,,,,,,,,,,,,
Oral Roberts,Sum,19,15-79–2,108.471,104.9233,.5928126,54.923,48.9138,14.710,13.5354,25.7260,25.468,20.6352,24.857,5292,49.7169,38.711,31.686,70.550,-3.1128
Saint Joseph's,A10,20,9-113–6,103.1156,100.1133,.5858127,50.4155,48.3108,20.1259,14348,28.2184,24.142,24.5320,26.282,49.9162,46.151,34148,35.8285,7063,-5.8201
Temple   (A) 160 East Carolina,Amer,18,11-74–3,101.7191,98.8104,.5821128,46309,45.627,18.1130,17.5248,33.242,31271,37.920,28.3139,46.9276,45.127,29.7321,30.963,65.7274,-1.888
Gardner Webb   (A) 240 High Point,BSth,18,11-105–3,98.1255,95.548,.5776129,49.9177,45.526,20.3271,19.5124,26.7232,27.6139,28.4228,34.8285,50.5140,48.5134,32.7221,27.65,67.7161,-6.1211
Georgia Tech   (A) 49 Virginia Tech,ACC,19,9-112–7,99.4229,97.070,.5707130,49.6187,49.5163,19.1194,19.4132,26.1249,27.4127,26.1288,30.9204,48.2228,50.5211,34.9100,31.9103,68.1144,-5.5191
Monmouth,MAAC,20,13-75–4,101.5193,99.3121,.5629131,48.5237,46.444,18.3139,17.5248,28.7166,26.385,3731,32.8243,47.9245,45.329,33.1193,31.9103,67.7159,-2.6111
Longwood   (A) 239 UNC Asheville,BSth,16,15-57–0,105.7107,103.6201,.5584132,52.188,50184,18.6164,2099,33.436,26.385,33.583,28.9146,50.1155,51.8265,37.130,31.8100,67.1198,-2.8115
Navy   (A) 309 Lehigh,Pat,20,14-77–3,98.3250,96.462,.5542133,49.4193,47.676,19.8245,20.576,32.653,25.158,28240,32.8243,49.2187,47.794,33.1193,31.686,65.5291,-3.5138
Nevada,MWC,18,9-103–5,102.8165,100.8147,.5539134,48.8221,52.4277,18.5153,18.1209,24.6280,26.385,32.4108,27.6119,50.8128,51.3246,30.4302,35.8285,71.425,-4.1157
Hawaii,BW,14,11-57–0,104.8121,102.9183,.5524135,52.380,47.157,19.7232,15336,28.3179,25.875,31.6135,31.4214,51.898,46.865,35.387,31.9103,66.2251,-3.1127
Nebraska,B10,22,6-160–11,102.5171,100.6143,.5521136,48.9219,50.8217,17.270,19.6117,20.1348,32.7322,32.3111,29.4158,51122,49.7169,30.3304,35247,72.211,-8269
Appalachian St.,SB,20,14-98–2,102.3174,100.5139,.5519137,47.9256,51.7252,15.625,18217,27.6204,26.385,26290,20.55,48.3225,53.4310,31.6265,32.7133,63.2341,-3.9151
UC Irvine,BW,13,8-73–3,99.1238,97.376,.5519138,46.2305,43.69,19.7232,17.6242,30.7112,28.5184,29.4199,33.2251,46300,4525,31.2283,27.24,64.4325,-3.2134
Tulsa,Amer,20,7-131–8,104.4133,102.6179,.5512139,49.3200,53.3309,18.3139,22.630,28.2184,31271,27.4255,30.1182,47.8250,50.6216,34.7112,37.7330,66.6227,-7.2244
Western Kentucky,CUSA,19,10-112–6,106.2102,104.4220,.5491140,52.575,52262,19.8245,20.485,25.9255,30.6262,33.679,17.82,52.285,49146,35.387,37.1323,70.158,-6.4222
UC Riverside,BW,16,11-75–3,96.2290,94.742,.5468141,47.3276,44.917,18.9179,16.2303,22.4325,21.24,27270,27.4110,49.7169,46.151,29.4328,28.19,65.7280,-3.4136
Washington,P12,19,11-86–3,98.6243,97.275,.5396142,45335,49.9180,17.168,2413,27.9197,34.4349,3647,32.4234,44.8323,49.6168,30.3304,33.7186,70.157,-3.1129
Abilene Christian   (H) 341 Chicago St.,WAC,17,14-75–5,99.4231,98.089,.5384143,47.4273,52.3272,17.8108,27.81,26.4238,30.9267,38.118,48.3356,47.1270,51.9268,32247,35.3265,71.231,-3.7143
Sam Houston St.,WAC,20,13-108–2,101.4196,100.1134,.5381144,48.4239,50.1186,19.1194,2099,31.967,25.875,24.6317,36.1306,45.2316,50.1188,3596,33.4176,65.7276,-5.1179
Arizona St.,P12,18,6-122–6,97.5269,96.260,.5379145,44.2342,47.571,17.588,19.4132,26.1249,31.5292,21.8348,33.5260,45.4311,45.329,28.2340,33.7186,67.7158,-4.6170
VMI   (A) 206 UNC Greensboro,SC,19,12-105–5,111.338,109.8317,.5378146,54.923,49.3150,17.270,13.2356,24.5282,30.9267,25.2303,26.180,54.636,48.2120,36.837,33.7186,67.9151,-5.7199
Florida Atlantic,CUSA,18,12-95–3,104.9120,103.5198,.5377147,54.431,50.8217,19.7232,18.8163,30.6116,25.570,28.9212,30.1182,54.439,47.589,36.353,38.1338,66263,-5.7198
Stephen F. Austin,WAC,17,13-85–4,99.9221,98.6101,.5375148,49.1210,49.8176,21.9337,23.125,33.734,32.2313,3559,37311,49.4180,50.8227,32.3240,32.2114,68.3131,-4153
Bellarmine,ASun,18,13-97–1,106.695,105.2240,.5370149,52.859,53.9328,16.443,18.1209,21.9331,31.8303,22.5342,30.7197,55.717,56.7351,32.5233,33.9205,63.1342,-3.2131
College of Charleston,CAA,20,11-93–5,101.9183,100.7145,.5350150,48253,50.9222,19.9252,19.9102,34.822,24.547,30.5171,38.5327,47271,51237,33.1193,33.8197,74.71,-4.5169
,,,,,,,,,,,,,,,,,,,,
Indiana St.   (H) 104 Drake,MVC,17,9-112–6,99.3233,98.190,.5323151,51.1123,50.8217,18.9179,17.3261,18.1355,23.729,25.1306,27.5115,53.460,50.2195,32.3240,34.5228,71.329,-5.9206
Montana St.,BSky,19,16-58–2,101.1198,100.0130,.5322152,52.766,49.1142,18.5153,19.4132,25.9255,22.918,41.34,38.4325,50.6136,47.9102,37.326,34.1211,67200,-2.5106
Butler   (A) 18 Xavier,BE,19,11-104–6,98.2253,97.174,.5297153,46.6292,49.5163,19.4218,19.1148,27.5207,27.1115,28.9212,28.5142,47.9245,51.1240,29.9315,31.374,63.9333,-2.6107
Coastal Carolina,SB,17,12-94–5,104.0142,103.0185,.5259154,50.4155,45.322,20.2265,15.1334,34.226,31.1275,31.2148,23.130,49201,47.589,35.479,28.616,65.3299,-6.2215
Weber St.,BSky,20,17-510–1,105.0118,104.1212,.5258155,54.333,51.6246,15.828,20.863,19.8351,26.184,39.412,24.857,55.426,47.9102,35.190,38.1338,71.330,-1.582
Drexel,CAA,18,9-104–5,104.5130,103.7205,.5224156,52.672,51.6246,18122,16.1306,27224,25.158,24.5320,27.4110,51.2116,51.7259,36.837,34.3220,66.4242,-6208
Buffalo,MAC,16,10-84–4,103.8145,103.0184,.5219157,50.6148,48.5116,18.9179,15.4329,35.118,28.6191,27.2264,32229,51.5105,49.4161,32.9206,3167,71.328,-4.1156
Louisiana Lafayette,SB,17,9-104–5,100.1217,99.4122,.5210158,47.3276,47.780,22.5346,20.391,33.929,28.5184,32.8101,36.2307,44.8323,48.9145,34.4127,30.239,70.547,-5.9207
Boston College,ACC,21,9-124–7,102.2178,101.4157,.5206159,45.9314,50.7213,17.588,18.3194,31.393,2439,31.9128,31.2211,45.8305,48.4130,30.8295,36.4303,65.5288,-6.1213
East Carolina   (H) 128 Temple,Amer,20,11-92–6,101.9186,101.2154,.5205160,47.8258,50.1186,19188,18.6176,28.3179,28.8198,33.679,29.2152,45.2316,49.4161,34.8110,34.1211,68.5124,-3.8149
Texas St.,SB,16,13-64–3,104.6128,103.9208,.5196161,51127,52.8291,19.8245,22.235,33.436,29205,28.8218,34.4278,49.7169,51.4249,36.257,36.5306,63.5339,-2.6110
Missouri   (H) 33 Florida,SEC,19,8-122–5,100.6209,100.0129,.5184162,46.3303,50.6207,21.5326,18.2202,32.163,31.4288,29.4199,31.5215,48.8207,49.9178,27.6345,34.6234,66.6230,-3.8150
San Diego,WCC,20,13-96–3,99.8222,99.3119,.5144163,47.8258,46.444,18.9179,16308,29.1149,26.9106,27.3260,23.835,47.2268,46.865,33200,30.239,65.4298,-4.2158
Colgate   (H) 331 Bucknell,Pat,19,9-115–2,104.1138,103.7203,.5132164,52.766,49.6169,17.270,16308,27.2216,2681,23.7330,25.977,48.8207,48.8141,38.613,34.1211,67.2186,-7.1243
Kent St.,MAC,19,12-97–4,98.7242,98.291,.5128165,46.8288,48.3108,18.8171,20.295,31.491,28.8198,33.387,35.2293,49.4180,51.4249,28.6336,29.527,65.2303,-5.1180
East Tennessee St.   (A) 295 Western Carolina,SC,21,12-114–6,107.290,106.8271,.5100166,52.188,52.1266,18.2135,16.8284,31.679,31.7301,18.1357,26.385,51.1119,54.7329,35.667,32.6128,66.1258,-5.5188
New Mexico,MWC,21,8-141–8,106.1103,105.8254,.5078167,49.7183,51.4236,16.339,17.9220,24.6280,30.4255,32.2116,38.1321,48.4221,52.7296,34.5120,32.6128,71.521,-7.8262
Saint Peter's,MAAC,16,9-87–3,97.8262,97.678,.5068168,45.9314,47.259,20.9298,2238,31.586,27.2118,3819,43.2348,43.5338,48105,33.9158,30.551,66.3248,-4.5168
Cleveland St.,Horz,17,14-510–2,104.7125,104.7228,.4981169,51.997,49.9180,19188,22.827,33.242,32.9328,36.536,34.7282,54.831,50.1188,30.9290,33.1150,67.1193,-2.398
UC Santa Barbara,BW,14,8-81–4,101.5194,101.6164,.4975170,51.997,47.780,20.3271,19.1148,30.4117,28.4180,37.129,30.5189,52.285,46.762,34.2142,33.1150,66.7226,-5.3183
Texas Southern,SWAC,18,8-106–3,98.3251,98.596,.4940171,47.6267,46.341,21.2314,16.6292,3520,27.6139,32125,35290,47.7253,48.1110,31.6265,2921,67.1195,-5.1181
Yale,Ivy,18,10-94–1,100.6211,100.8146,.4938172,49.2205,48.8132,17.694,17.8227,25275,28.3176,32.6104,35.3295,48.8207,49.9178,33.3185,31.582,68.998,-4.7171
Rice,CUSA,19,12-85–4,105.7109,106.0258,.4915173,53.642,49.1142,19.2205,13.8350,25.9255,27.4127,32.3111,21.715,52.480,50.4206,36.837,31.272,68.5121,-3.9152
Troy,SB,18,14-75–3,98.2252,98.699,.4899174,47.4273,48.2100,21.5326,20.576,31.393,28.7192,34.268,33.1249,47.2268,49146,31.9249,31.477,68.1142,-3.6139
Long Beach St.,BW,17,10-96–1,101.7189,102.1168,.4897175,48.3240,51.5240,19.5224,18.1209,28.3179,27.4127,39.810,29.9175,46.9276,50.5211,34.5120,35.3265,70.937,-3.6142
,,,,,,,,,,,,,,,,,,,,
Arkansas St.,SB,16,14-55–2,102.0182,102.4176,.4887176,51.6110,49.4158,20.9298,19.2143,30.1126,30.7264,3470,27.1100,50.7133,50.4206,35.765,31.582,68.3130,-1.785
North Dakota St.,Sum,20,14-86–4,101.9185,102.4173,.4876177,50.4155,47.361,18.1130,12.6358,25.2268,25.158,32.1122,24.245,49.2187,48.2120,34.9100,30.239,66.7224,-3.7146
Oregon St.,P12,18,3-151–7,104.5129,105.0236,.4868178,49.3200,52.8291,18.5153,18.5182,28196,32.7322,28.9212,30.3184,50.5140,55.3336,31288,33145,67.3184,-8.7286
Akron,MAC,17,13-66–3,103.7148,104.2216,.4859179,50.9136,49.7173,17.483,17.5248,30.3122,27.7148,37.328,25.876,50.9124,48.2120,34148,35.2262,63344,-3.1124
Fairfield,MAAC,19,10-104–5,102.6168,103.1186,.4851180,51.1123,48.3108,16.443,15.9314,27.4209,26.695,24.6317,30.6193,51.3112,49.1153,33.9158,3167,64.6317,-7.1241
Cornell,Ivy,15,11-63–3,104.0139,104.7226,.4814181,53.446,51.5240,20.5282,17.9220,28.5174,28.5184,32.3111,29.7168,55.128,53.1303,34.3135,32.9141,73.16,-3121
Old Dominion,CUSA,19,8-123–4,102.9160,103.6202,.4811182,47283,50.3195,18.5153,17.8227,32.555,27.8152,36.143,32.7242,48240,48.1110,29.5324,35.5272,63.8336,-8.1272
Illinois St.   (A) 55 Loyola Chicago,MVC,20,10-123–6,108.078,108.8302,.4783183,52.859,50.9222,18.8171,17.7234,29155,32.7322,3470,30.9204,50.7133,49.9178,37.621,35.2262,68.8104,-7.6256
Georgetown,BE,19,6-130–8,106.3100,107.2285,.4768184,48.3240,52262,19.8245,17.7234,33.734,30.3254,28.5225,26.487,44.2331,50.9231,37.227,35.7278,70.549,-7.4251
Montana,BSky,18,15-68–2,98.4249,99.2117,.4764185,49.1210,50.4201,15.117,20.771,17.5357,26.491,33.486,37.8317,48.9204,47.692,32.9206,37.9334,65.5290,-2.9120
Cal St. Fullerton,BW,16,12-66–1,104.0140,104.9234,.4746186,48.8221,51227,18.2135,19.1148,30.4117,27.1115,37.129,27.2103,50160,48.5134,30.5300,36.9317,66.7223,-2.9118
Tarleton St.,WAC,20,10-135–5,99.6223,100.5140,.4739187,46309,53.3309,17.7100,258,26253,32.7322,32125,35.8301,46.4295,54.8331,30.2309,34.3220,64.3328,-6.9237
Princeton,Ivy,17,15-45–1,108.866,109.8316,.4729188,56.29,53.1303,15.321,16.4297,25.2268,23.729,22.1346,22.728,55.621,51.5256,3817,37.6329,67.5173,-1.684
Campbell   (A) 287 Presbyterian,BSth,16,12-75–3,106.399,107.4288,.4726189,53.740,51.8257,15.930,18.4191,23.1310,26.8101,22.2345,25.573,54.439,50.3201,34.9100,36295,61.4354,-4.2159
Georgia   (H) 32 Arkansas,SEC,21,6-151–7,106.398,107.5290,.4686190,50.3159,52.9294,20.5282,15.4329,27.2216,28.5184,38.815,25.573,52.188,54.9333,31.5270,33.3167,69.386,-8.5282
UTEP,CUSA,19,13-86–3,99.0240,100.1135,.4672191,47.6267,49140,16.549,21.644,23.8301,30244,29.3205,38.1321,44.7328,49.4161,34.7112,32109,66.4238,-4.1155
Mercer,SC,21,13-106–4,104.0141,105.2241,.4661192,52.477,52.6284,19.5224,16.4297,23.4305,26.593,29210,27.5115,50.9124,52275,36.257,35.7278,65.7279,-5.5187
Bryant,NEC,19,12-88–1,103.8147,105.1239,.4629193,48.6231,4889,19.1194,15.9314,31.679,32.7322,32.7102,25.266,5292,47.279,29.7321,33.1150,71.327,-4.3163
Brown,Ivy,20,10-122–5,99.4227,100.9151,.4579194,49.3200,50.8217,18.8171,20.576,28.1189,27.6139,29.7188,33.9265,49.4180,50.9231,32.7221,33.8197,68.1138,-7.6257
Pittsburgh   (A) 43 Wake Forest,ACC,21,8-133–7,98.5247,100.0132,.4551195,45.5324,48.6124,21.2314,15.8318,32.752,26.7100,44.61,29.5161,45.9303,47.899,29.8319,33.2163,64.1330,-7.7259
Fordham   (H) 101 Rhode Island,A10,19,9-102–5,95.6300,97.377,.4505196,47.6267,48.5116,17.694,20.576,24.7277,27.5135,30186,31.1209,47.5258,48.8141,31.8253,32109,68.1145,-6.2216
Loyola Marymount,WCC,18,9-102–5,102.6167,104.4221,.4498197,50.5151,52.3272,21.7332,18.7171,28.1189,29.2211,32.2116,31.9228,52.676,53.5312,31.4273,33.5178,66.4239,-4.8174
Marist,MAAC,20,8-123–8,101.0201,102.8181,.4492198,51.3117,48.5116,18.5153,17.2267,27.1220,26.8101,23.9328,29.9175,51.2116,48105,34.3135,32.9141,66.3249,-9.3295
Stony Brook   (H) 313 Binghamton,AE,19,13-75–2,105.2116,107.1281,.4491199,50.7147,53.1303,15.422,18.5182,25.3266,31.5292,25.6299,21.816,50.1155,56.7351,34.4127,31.796,68.5126,-2.9119
Charlotte,CUSA,19,11-84–3,104.3135,106.3263,.4462200,53.347,52.2269,17.7100,17.4257,21.1341,27.6139,30.6169,25.266,53.266,50.7222,35.667,36.6310,66.1259,-3.6140
,,,,,,,,,,,,,,,,,,,,
Howard,MEAC,16,8-102–3,102.2177,104.2215,.4429201,52.859,49.3150,21.9337,23.220,29155,36.1355,28.6222,34.1271,50.1155,49146,38.216,33.3167,70.548,-7.1242
Nicholls St.,Slnd,18,13-93–2,102.2175,104.3217,.4410202,5293,50184,17.378,19.5124,29.6141,29.6232,21.8348,40.2338,53.460,48.4130,33.2189,34.9242,70.160,-4.4164
UC Davis,BW,14,9-73–3,100.8205,103.1188,.4357203,49.3200,48.2100,17.9115,19.7110,26.2247,27.2118,27.7245,39.3332,48.9204,45.432,33.3185,35.6274,68.1140,-5177
Southern,SWAC,19,12-96–2,99.5226,101.9165,.4319204,51.8102,50.6207,20254,25.45,24.3285,33.1330,29.7188,49357,48.1234,55.8341,39.66,27.65,71.134,-4.7172
Northern Colorado,BSky,17,10-105–3,107.092,109.6311,.4306205,55.317,53300,18122,14.4342,19.4353,25.672,30.8164,29149,54.831,50.7222,37.227,38.4342,69.387,-5.5190
UNC Greensboro   (H) 146 VMI,SC,20,12-94–5,97.3272,100.0131,.4214206,48.8221,50.3195,21304,18.2202,31.586,23.729,29.4199,25.573,46.6286,50.1188,3596,33.7186,62.5346,-4.8175
UT Arlington,SB,19,9-125–5,98.1254,101.2156,.4121207,46.1307,48.4112,21.1307,18.8163,30.9104,31.2280,32.2116,32.1231,46.6286,45.944,30.1311,35247,65.5286,-6.5225
Georgia St.,SB,14,8-92–4,100.0219,103.2190,.4110208,45.2329,54.1332,16.651,23.125,31.297,31.8303,26.4282,32.5237,43.1345,47.692,32.5233,42.7357,67.9152,-5.7196
Western Illinois,Sum,20,13-94–6,102.0181,105.4246,.4083209,50170,51.5240,15.828,18.6176,29.8135,23.835,28.7220,32.9245,50.3148,49.9178,33.1193,36.7311,70.839,-6.1212
South Florida,Amer,19,6-131–6,92.9331,96.158,.4032210,41.8355,47.571,19.4218,18.4191,31102,27.8152,27.1268,30.7197,44332,48.2120,24.6358,31.170,64.7314,-6.6226
Massachusetts,A10,20,9-112–6,109.949,113.7340,.4022211,51.8102,55.1347,16.135,17.1272,28.7166,30244,34.863,28129,45.8305,55.3336,39.66,36.5306,68.997,-6.6229
Samford   (H) 75 Chattanooga,SC,18,13-83–6,101.7188,105.4245,.4013212,50170,52.7288,19.7232,18.6176,30.8107,27.2118,26.7277,32.5237,51.996,53.5312,31.7262,34.6234,70.453,-4154
Harvard,Ivy,14,10-72–3,100.6210,104.1213,.4009213,49.8180,52.1266,16.443,21.156,26.4238,26.8101,24.8313,34.1271,49.1194,49.9178,33.8164,37.1323,68.2136,-5.1178
Winthrop,BSth,18,13-86–2,103.4151,107.1280,.4006214,55.711,52.9294,21.1307,19.7110,24296,28.3176,35.156,34.7282,55.717,50.2195,37.227,37.8331,69.966,-3.8148
Norfolk St.,MEAC,17,15-56–1,98.6244,102.1170,.3998215,49.5189,45.731,19.4218,18.8163,28.3179,27.3125,3914,33.3255,48.8207,47.384,34148,29.323,6994,-2.4102
Boston University,Pat,23,15-96–5,103.8146,107.5292,.3993216,50.6148,50.2191,19.1194,17.7234,32.456,24.444,29.7188,28.9146,50.6136,50.5211,33.7169,33.1150,64.5320,-6.2218
Niagara,MAAC,19,9-114–7,98.5246,102.1169,.3988217,49.8180,47.884,18122,17.5248,21.9331,28.7192,30.5171,29.5161,48.2228,48.2120,34.9100,31.477,64.1331,-7.1240
Cal Baptist,WAC,18,12-92–6,102.5170,106.3264,.3965218,51127,49.5163,20.5282,17.1272,28.7166,28.2171,40.56,34267,52.188,47.794,32.8215,35.1256,68.4129,-5.7197
Florida Gulf Coast,ASun,20,13-93–5,102.9163,106.8269,.3952219,52.766,51.1229,20.6291,16.3302,30.7112,27.9157,28.4228,24.550,51.898,50.3201,35.765,34.9242,69.870,-6210
UNC Wilmington,CAA,18,15-59–0,99.5225,103.3192,.3945220,46.4300,51.2230,15.523,21.351,29.3147,30244,32.997,36.3308,45.8305,50.7222,31.6265,34.9242,67202,-2.399
Eastern Washington,BSky,20,11-115–6,102.0180,105.9257,.3931221,51127,49.1142,18.7167,16.2303,25.3266,25.263,33.291,35.9302,49.2187,49.7169,35.667,32.2114,70.840,-7238
Jacksonville,ASun,16,13-75–3,95.4304,99.2118,.3901222,48.2245,48.2100,20.4277,17.7234,3264,21.77,27.6248,32.6240,45.8305,51.3246,35.667,29.730,62.5347,-4.2160
Fort Wayne,Horz,19,11-106–6,99.2235,103.2189,.3899223,5293,53.8323,19.9252,21.351,22.8315,29.7236,26.2287,26.690,52.480,54321,34.3135,35.7278,67.6171,-7.5255
Penn,Ivy,20,8-125–2,102.9161,107.1283,.3870224,51.2120,51.6246,17.7100,16.1306,24.8276,29.2211,24.2325,28.7145,51.3112,52.2281,34148,33.8197,67.9150,-6.5224
Southern Utah,BSky,17,13-67–2,101.6192,105.8253,.3857225,51.2120,50.9222,18122,16.7287,27.1220,23.524,36.143,26.180,53.363,50.8227,32.2244,34209,69.680,-3.1126
,,,,,,,,,,,,,,,,,,,,
Marshall,CUSA,19,8-131–7,102.5169,106.8270,.3851226,48.8221,52.4277,18122,18.1209,28.7166,29.1208,25.8295,28.6143,53.654,51.7259,27.3353,35.7278,72.77,-8.3274
Youngstown St.,Horz,20,12-106–6,102.8164,107.1278,.3850227,50.9136,50.1186,17.7100,16.9281,29.8135,28161,30.6169,30.7197,50.4145,48.1110,34.5120,35.8285,66.5232,-7.3247
Portland,WCC,20,11-102–4,99.2236,103.4193,.3835228,48.3240,49.3150,19.3212,17.7234,25.2268,28.7192,33.972,26.588,48.1234,47.794,32.4237,34.5228,68.8101,-5.8200
Detroit,Horz,17,8-105–3,101.0199,105.3244,.3829229,51.3117,52.9294,18.4147,19.6117,27.7202,29.2211,22.8338,28.2136,47.9245,53.4310,36.837,34.9242,66.4243,-6.3220
Valparaiso,MVC,20,10-123–7,100.9202,105.2242,.3817230,51127,52.2269,16.857,17276,19.5352,25.875,24.9310,23.835,52.383,50.8227,32.7221,36.4303,65.6283,-7.4252
James Madison,CAA,17,12-73–5,104.5131,109.0304,.3802231,52.282,54.6338,18.3139,22.235,26.4238,30.8266,33.972,27.1100,52.577,55.7340,34.6115,35.6274,70.161,-4.4165
Georgia Southern,SB,16,10-93–5,95.9296,100.1136,.3792232,49215,48.5116,22.1342,2099,28.1189,29.7236,30.7167,34267,52.577,48.3127,28.5337,32.6128,66.9213,-5.9203
Wright St.,Horz,21,12-109–4,103.0158,107.5293,.3781233,5293,51.6246,19188,18.2202,28.2184,30.2251,31.7133,24.959,54.342,52.4288,31.4273,33.3167,70.452,-6.9236
Air Force,MWC,20,10-103–6,94.6309,98.9107,.3751234,52.672,48.195,22.9348,2159,19.9349,29.3219,25.7298,38.4325,52.188,51.1240,35.577,28.19,62.8345,-5.5185
Kennesaw St.,ASun,17,9-124–4,102.5172,107.2286,.3724235,50.1166,53.9328,17.8108,20.576,28.2184,29.3219,29.5193,34.2273,49.4180,53.6314,34.2142,36.3302,66.8218,-7.9267
USC Upstate   (A) 337 Hampton,BSth,18,9-116–2,103.9143,108.7300,.3712236,52.956,49.8176,20.4277,17.6242,22.7317,32.6321,29.5193,39.1331,49.2187,53.2304,38.810,29.831,68146,-6.9235
Ball St.,MAC,20,10-115–5,103.0159,107.9297,.3683237,51.8102,52.9294,20254,17.1272,26.1249,28.3176,37.920,34267,50.6136,51.4249,35.667,36.5306,69.773,-7.3246
Bowling Green,MAC,20,11-114–7,106.0104,111.4331,.3607238,49.2205,52.5280,16.960,17.4257,32.359,29.6232,31.8132,31.8224,48.2228,52.2281,33.9158,35.4269,72.113,-7.9266
UNC Asheville   (H) 132 Longwood,BSth,18,12-94–4,100.3215,105.5248,.3599239,49.7183,49.4158,19.5224,18.6176,27.3214,35.6353,33.679,24.347,49.3185,52.2281,33.5176,28.312,66.1255,-5.6194
High Point   (H) 129 Gardner Webb,BSth,18,9-123–4,97.9259,103.1187,.3551240,47.7263,50.4201,19.5224,19155,27.5207,31.9308,32.7102,34.4278,46.8280,51.7259,32.9206,32.2114,65.7275,-7.9265
South Dakota,Sum,19,13-86–4,100.8206,106.5268,.3458241,49.9177,52.5280,1633,16.4297,27224,21.55,37.425,33.8263,49.1194,49.8173,34.3135,38337,66.3246,-5.4184
St. Thomas,Sum,17,8-122–6,108.567,114.8348,.3444242,52.859,59.3357,12.73,16.7287,20.4347,26.385,20.7351,30.5189,50.7133,61358,36.549,37.9334,65.4294,-9.4296
LIU Brooklyn,NEC,19,8-125–5,97.9260,103.8207,.3381243,47.3276,49.5163,19.7232,19.8107,31.679,30.4255,26.8274,32.4234,47.8250,49146,31288,33.5178,72.68,-7.9264
UMKC,Sum,18,13-96–4,95.7299,101.4158,.3378244,50.2164,52.1266,16.857,22.431,21.1341,2555,28.9212,46.7352,50.5140,53.8317,33.2189,32.5127,67201,-5.6195
Duquesne,A10,19,6-131–6,100.1218,106.1261,.3364245,46.6292,52.3272,17.378,18.7171,31.967,32.4319,22.3344,20.55,45.3315,49.8173,32.7221,38.3341,65.7277,-9.4298
Eastern Kentucky,ASun,18,10-122–6,100.3216,106.4265,.3362246,48.8221,53.1303,16.960,23.220,29.8135,32.7322,20.2355,28.9146,47.5258,56.3347,33.4182,32109,72.112,-9.2294
La Salle   (A) 257 George Washington,A10,18,6-121–7,96.8282,102.7180,.3352247,47.2282,49.3150,19.3212,17.7234,31.1100,27.5135,24.4322,34.2273,47.5258,48.1110,31.2283,34.2216,68.5118,-8.3276
Mount St. Mary's,NEC,19,10-106–2,96.4287,102.4177,.3318248,49.2205,49.5163,21.2314,18.5182,29.5143,29.1208,28.8218,24.448,47271,48.7139,36.353,34.2216,64.5323,-5.8202
UMBC   (A) 266 Albany,AE,18,9-104–4,99.2237,105.4247,.3307249,50.1166,51.3235,1763,17.6242,24296,29.2211,30.2182,21.512,48.3225,51.9268,34.9100,33.6183,6993,-7.6258
Quinnipiac,MAAC,18,11-86–5,101.9184,108.5298,.3288250,51127,50.6207,18.4147,18.1209,28.4177,27.8152,26.4282,28129,51.1119,48.4130,33.8164,36295,70.156,-5.9205
,,,,,,,,,,,,,,,,,,,,
Alcorn St.,SWAC,21,7-146–3,100.4213,106.8272,.3278251,45.5324,53.8323,21.4323,19.6117,30.4117,29.2211,31.2148,37311,43.9333,54.8331,32.7221,34.8238,66.7225,-7239
New Hampshire   (H) 300 Hartford,AE,14,8-83–4,104.2136,111.0327,.3255252,50.6148,50.9222,14.812,13.6352,29.1149,23.524,25.1306,29.4158,46.6286,50.3201,37.621,34.4226,61.3355,-5.5186
Dartmouth,Ivy,16,5-122–4,97.6266,104.1211,.3239253,49215,51.4236,17.483,17.2267,22.6320,27.6139,20.6352,27.6119,46.5292,51.9268,34.6115,33.6183,63.9334,-8.9289
New Orleans,Slnd,17,12-85–0,95.9295,102.3172,.3225254,49.4193,50.4201,20.9298,20.485,26253,30.9267,42.13,28.2136,49.5174,51.8265,32.6230,32.2114,72.210,-4.8173
Siena,MAAC,17,9-86–3,94.4314,100.9152,.3171255,49.2205,49.3150,19.7232,18217,24.1291,27.5135,25.9294,32.5237,47.4265,49.2157,35.190,33.1150,67208,-5.5189
Texas A&M Corpus Chris,Slnd,18,16-63–2,96.6284,103.4195,.3139256,47.6267,50.6207,20.1259,25.45,33.832,31.5292,40.47,41.3343,48240,51.2243,31.3280,33.2163,7062,-3.7145
George Washington   (H) 247 La Salle,A10,19,7-123–4,96.1292,102.9182,.3135257,46.8288,48.7128,18.8171,19.1148,24.4284,32.2313,24.4322,30.3184,47.8250,50.5211,30314,3033,69.192,-7.5254
Lipscomb,ASun,20,10-133–5,105.2117,113.0338,.3060258,54.234,52.3272,21.1307,13.6352,21.7335,29.9243,36.338,22.425,54.831,48.1110,35.667,39.2352,69.871,-8.1271
The Citadel   (A) 59 Furman,SC,17,9-113–6,99.6224,106.9274,.3053259,51.8102,48.2100,17.8108,14.3345,23.6302,31.4288,27.8244,30.5189,54.537,46.970,32.7221,33.7186,70.354,-7.7260
Miami OH,MAC,17,9-113–6,104.8122,112.6336,.3052260,50.1166,53.6321,14.49,17.3261,25.8258,29.4224,22.7339,26.690,50.2153,50185,33.4182,39.1351,67.1190,-7.8263
FIU,CUSA,19,12-92–6,96.8281,104.1210,.3035261,49215,47.571,20.3271,18.9158,28.8162,31.3284,24.3324,32.6240,48.7213,48.3127,33200,30.758,66.5233,-6209
Eastern Michigan,MAC,19,8-123–6,94.1323,101.2155,.3029262,48.2245,49.2148,19.2205,18.1209,21.7335,28.7192,31.5137,31.6218,48.4221,49146,31.8253,33.1150,70.935,-8.4279
SIU Edwardsville,OVC,20,7-151–8,97.5268,104.9235,.3015263,47.5271,49.9180,21.3322,19.4132,32.849,30.2251,33.679,39.6335,49.3185,49.4161,29.5324,33.7186,68.9100,-10.8325
North Alabama,ASun,17,9-122–6,90.8346,97.881,.2999264,43.9344,48.5116,18.2135,20.485,24.2288,30.5259,22.6340,39.6335,43346,48105,30.2309,33.1150,68.6113,-7.2245
Northern Kentucky,Horz,18,11-97–4,97.1277,104.7227,.2969265,46.6292,50.7213,20.1259,2159,3613,31.2280,26.3286,23.835,44.7328,52.5289,32.7221,31.686,65306,-6.4223
Albany   (H) 249 UMBC,AE,21,9-125–4,94.2320,101.6163,.2967266,45.8317,49.7173,19.2205,20.576,26.8230,29205,27270,30.7197,45.1319,48.1110,31.4273,34.9242,64.9310,-8.2273
North Carolina A&T,BSth,19,9-134–4,99.4228,107.3287,.2929267,46309,52.7288,17.8108,20.672,31.297,31.9308,26.8274,34.2273,45.1319,52275,31.9249,35.7278,68.6110,-9.2293
Elon,CAA,20,6-163–6,99.0239,106.9275,.2923268,49.4193,51.5240,20.2265,18217,23.3307,30.1248,23.6333,47.8354,48.5219,50.1188,33.6173,35.9291,66.4240,-10.2312
Manhattan,MAAC,17,11-74–5,101.7189,110.0319,.2899269,49.2205,53300,20.7293,20.576,28.9159,31.3284,42.62,31.5215,51.5105,52.9299,29.5324,35.4269,68.4128,-4.2161
Southeastern Louisiana,Slnd,18,11-113–2,102.1179,110.4323,.2886270,50170,54.7341,20.2265,20.197,25.4265,34.1345,36.241,27.8127,50.1155,56.1346,33.3185,34.8238,69.677,-6.7232
Tennessee Tech,OVC,19,5-162–6,97.3274,105.3243,.2873271,47.3276,53.3309,19.7232,19.6117,31.872,31.1275,22.5342,23.835,48.1234,55.9343,30.3304,32.8139,68.7105,-10.7324
Cal St. Bakersfield,BW,13,6-91–5,96.3289,104.3218,.2843272,43.9344,49.8176,18.2135,21.255,31.586,26.9106,26.9273,47.9355,43.9333,50185,29.1330,33145,64.6318,-5.9204
Pepperdine,WCC,22,6-170–8,95.3305,103.4194,.2820273,46.2305,51.6246,21.4323,19.1148,29155,31.2280,23.4334,32.2232,43.9333,52.5289,33.5176,33.4176,70.646,-10.6323
Louisiana Monroe,SB,19,10-122–8,100.8204,109.5308,.2790274,50170,53.9328,19.5224,19.3139,26.7232,33.9342,25.6299,33247,51.6101,52.1278,31.3280,37.8331,68147,-7.3250
UC San Diego,BW,18,9-113–6,99.2234,107.8296,.2782275,51.4114,51.4236,19.7232,17.8227,17.8356,27111,35.453,21.613,51.6101,53.9319,34.2142,30.655,68.1143,-7.7261
,,,,,,,,,,,,,,,,,,,,
Pacific,WCC,18,6-141–5,94.2322,102.4178,.2758276,46309,54331,17.483,19.9102,22.5323,22.210,30.9161,26.998,43.3341,50.6216,34.3135,38.9347,67.4176,-10.3317
North Carolina Central,MEAC,16,9-103–1,94.9306,103.2191,.2747277,46.8288,50.3195,24.3355,22.334,3264,31.4288,36.734,47.5353,47271,52.7296,30.9290,31.582,68.999,-6.6231
Southeast Missouri St.,OVC,19,9-124–4,104.2137,113.4339,.2746278,52.282,53.8323,17.483,17.2267,24.1291,28161,36.338,41.8345,50.8128,53.8317,3661,35.9291,7214,-8.5284
Prairie View A&M,SWAC,17,4-134–3,98.8241,107.6295,.2730279,48.2245,53.5317,24.1353,20.863,28.9159,35.4352,34.466,49.4358,46.6286,52.6292,34.4127,36.7311,71.816,-6.8234
Loyola MD   (H) 286 Army,Pat,20,12-96–4,97.2275,105.9255,.2724280,51.4114,51.6246,19.3212,19.9102,22.5323,24.648,27.5250,30.7197,52.872,51.4249,32.8215,34.6234,66.4236,-6.3221
Northeastern,CAA,21,6-150–10,97.2276,106.2262,.2655281,50.5151,52.7288,22.1342,15.9314,27.1220,23.835,31.9128,26.690,51.898,51.9268,32.4237,36.1300,65.5289,-11.2330
Illinois Chicago,Horz,18,7-123–7,100.7208,110.2321,.2621282,50.4155,52.5280,17.588,17.6242,25.2268,29.2211,19.4356,37.9319,53.751,52.9299,31.1287,34.2216,68148,-8.9288
Dixie St.,WAC,17,11-104–4,96.9279,106.0259,.2618283,48.6231,52.6284,20.4277,17.3261,27224,27.2118,36.338,31.1209,49.1194,53.2304,31.8253,34.5228,71.620,-6.6228
UT Rio Grande Valley   (H) 336 Lamar,WAC,19,6-151–8,101.5195,111.2329,.2575284,51127,51.7252,20.4277,18.2202,24.1291,35351,38.317,37.1313,5292,54.5328,32.9206,31.686,71.817,-10.3316
Austin Peay,OVC,16,7-113–5,95.5302,104.8230,.2557285,47.5271,51.4236,21.6330,20.962,28.8162,31.1275,26.4282,36.8309,49.9162,52.5289,29.5324,33.1150,66.1260,-7.3249
Army   (A) 280 Loyola MD,Pat,20,13-97–3,97.6267,107.1282,.2556286,48.7228,52.8291,19.2205,19.5124,29.5143,26.593,3394,20.34,49201,52.7296,32.1245,35.3265,69.484,-6.1214
Presbyterian   (H) 189 Campbell,BSth,19,9-131–6,94.2321,103.5197,.2532287,44.2342,54.6338,20.5282,21.644,3428,25.875,26.1288,41.6344,46.7283,52.1278,26.7355,38.9347,63.3340,-8.4281
McNeese St.,Slnd,18,8-142–3,97.1278,106.9273,.2494288,47283,51227,23.5351,19.5124,31.967,30.4255,34.466,42.1347,47.4265,51237,30.9290,34209,70.255,-9.4297
Tennessee Martin,OVC,20,7-153–7,95.8297,105.7251,.2451289,45.9314,52262,20.5282,19.9102,29.9132,33.2332,25308,35.7299,48.2228,52.6292,27.9342,34.1211,69.969,-10308
Rider,MAAC,19,7-133–7,94.3318,104.0209,.2441290,43.5347,49.7173,17.378,19.2143,28.5174,28.4180,26.5280,34.9288,42.7347,48.2120,30.3304,34.3220,68.6112,-9.8305
UMass Lowell   (A) 353 Maine,AE,16,10-92–5,92.3335,102.2171,.2366291,45.8317,47.361,18.9179,20.863,29155,31.9308,25.8295,33.4258,48.2228,45.840,27.6345,33.7186,68.2135,-6.6230
Jackson St.,SWAC,20,4-162–7,90.7347,100.5141,.2332292,43349,48.6124,20.9298,19.1148,30131,28.1167,26.7277,41.9346,42.2351,47.794,29.8319,33.8197,65.2302,-10.3315
Robert Morris,Horz,20,5-163–9,98.0258,108.7301,.2326293,49.4193,53.1303,21304,17.2267,28.1189,30.5259,26.4282,31.6218,50.3148,51.9268,31.8253,36.9317,68.5122,-11.9338
San Jose St.,MWC,19,7-130–8,98.6245,109.5307,.2301294,49.5189,53.4313,18.7167,15.4329,22.1327,30.9267,22.1346,24.959,48.3225,52.3287,34148,36.9317,65.6285,-8268
Western Carolina   (H) 166 East Tennessee St.,SC,21,8-142–7,99.3232,110.3322,.2297295,47.8258,53.2307,18.3139,14.3345,29.1149,28.1167,30.2182,29.6165,48.2228,53.2304,31.7262,35.4269,68.8103,-9.6302
Canisius,MAAC,21,7-153–8,95.7298,106.4266,.2272296,45.4326,51.7252,17.588,17.9220,27.4209,27.4127,31.5137,33.6261,45321,54.2325,30.7297,30.655,68.7107,-11.3333
Radford   (H) 347 Charleston Southern,BSth,18,6-142–6,93.8327,104.5223,.2233297,45.6322,51.2230,21.7332,18.7171,28.5174,25.570,28.3234,40.2338,46.8280,50.4206,29.3329,35247,65.4295,-9.5300
Portland St.,BSky,17,6-134–7,94.8307,105.7252,.2229298,45.2329,52.4277,19.2205,21.156,28.6170,30.2251,27.2264,38.6328,46.3296,50.6216,28.8334,37.1323,69.485,-10.2313
Florida A&M,SWAC,18,9-117–2,95.5301,106.5267,.2225299,44.8336,49.3150,19.1194,18.9158,27.7202,33.7339,31159,36304,45.7309,47.279,28341,35247,66264,-7.3248
Hartford   (A) 252 New Hampshire,AE,17,5-123–2,99.9220,111.6332,.2183300,54.431,51.9260,19.2205,15.8318,21.8333,28.2171,29.5193,28.6143,55.522,51.2243,35.479,35.3265,68.2137,-9.7303
,,,,,,,,,,,,,,,,,,,,
North Florida,ASun,19,5-171–7,94.4316,105.6250,.2159301,46.5296,51.7252,23.2349,18.3194,26.1249,37357,26.5280,29.7168,45.9303,50.1188,31.4273,37322,68.6115,-10.5319
Coppin St.   (A) 357 Delaware St.,MEAC,20,4-163–2,93.2330,104.5222,.2125302,45.6322,50.3195,18.4147,20.295,21344,33329,32.5106,27.7121,47.4265,46.456,29.1330,36.9317,73.82,-11.3332
Evansville,MVC,19,5-151–8,92.4333,103.6200,.2123303,46.5296,54.9345,17.8108,17.8227,17.5357,22.714,23.1337,30.3184,46.2299,52.2281,31.2283,40.4356,63.6338,-10.2314
Cal Poly,BW,17,5-132–5,92.3336,103.6199,.2093304,45.4326,47.987,22.2345,17.6242,26.9229,28.5184,39.412,35.3295,45.4311,44.721,30.4302,35.6274,64.6316,-9.9307
Northern Illinois,MAC,19,6-133–6,92.4334,103.7204,.2091305,47.3276,50.2191,21.1307,20.576,24.5282,29.4224,33.972,38.8329,45.4311,51.9268,34148,31.686,67.4174,-8.4278
Tennessee St.,OVC,20,9-134–6,97.4271,109.3306,.2082306,49.5189,51.2230,20.8297,19.8107,29.4145,28161,33.192,43.4349,47.6254,50.7222,35.667,34.8238,67.8156,-10.5320
Denver,Sum,22,8-164–7,97.6265,109.7312,.2066307,52.477,51.5240,19.7232,17276,23.6302,27.6139,34.268,33.3255,50.9124,50.9231,36.645,35247,67205,-12.5341
Little Rock,SB,15,7-112–4,97.3273,109.8314,.1998308,47283,56.8354,19.1194,19.7110,23.1310,31.2280,32.997,29.7168,46.5292,55.9343,31.8253,38.8345,68.5120,-7.5253
Lehigh   (H) 133 Navy,Pat,21,8-146–4,96.2291,108.9303,.1951309,51.5112,47.676,20.1259,14.6340,21.1341,27.3125,27.5250,33.3255,49.1194,4648,3731,35247,6995,-11328
Merrimack,NEC,20,8-133–5,93.5329,105.9256,.1923310,46.4300,50.5205,18.5153,23.319,22329,36.8356,25.5301,37.8317,44.4330,50.2195,32.9206,34.1211,61.7352,-9.1292
Alabama St.,SWAC,21,6-164–5,95.5303,108.5299,.1872311,46.6292,50.2191,21.9337,19.7110,29.1149,33.9342,3394,33.2251,46300,50.4206,31.8253,33.2163,69.968,-10.2311
Stetson,ASun,17,9-123–5,96.6285,109.8315,.1863312,49.8180,54.1332,21.1307,15.7324,28.1189,26.385,23.7330,26.385,48.7213,54.2325,34.4127,35.9291,64.8311,-9.1291
Binghamton   (A) 199 Stony Brook,AE,16,8-105–4,94.5311,107.5291,.1851313,48.9219,49.1142,19.7232,16.8284,28.6170,28.7192,27.2264,32.4234,47.5258,49.4161,34.2142,32.4124,67.1194,-8270
Central Arkansas,ASun,18,6-143–4,100.8207,114.8349,.1824314,47.4273,55.7350,20.2265,16.4297,25.1273,34.2347,23.8329,31.5215,48.7213,56.7351,30.1311,35.9291,7215,-8.7287
South Carolina St.,MEAC,19,11-113–3,91.9341,104.8229,.1817315,42.8350,50.3195,19.6229,20.672,33.340,30.1248,31.1154,35.1291,40.8357,49.1153,31.5270,34.7237,71.326,-8.4280
Grambling St.,SWAC,19,9-126–2,94.4315,107.6294,.1817316,45.1332,49.5163,20.5282,18.3194,25.5263,33.6338,36.635,40.4340,43.5338,47.279,33200,35.8285,69.772,-6.8233
Southern Miss,CUSA,18,6-141–6,93.8326,107.0277,.1800317,46.3303,51.8257,21.2314,16.9281,22.4325,29.3219,25.2303,27.7121,46.5292,52.2281,30.6298,34.3220,67.3179,-9.8304
Milwaukee,Horz,21,7-155–8,96.0293,109.5310,.1800318,48.7228,47.676,19.7232,14.9338,26.4238,31.3284,29.4199,28129,48.4221,44.924,32.8215,34.3220,67.1196,-11.8336
St. Francis NY,NEC,20,6-153–7,96.3288,109.9318,.1798319,45.7320,53.5317,18.9179,19.3139,30.7112,29.7236,24.9310,33.7262,45.7309,54321,30.5300,34.8238,67.2185,-11.6335
Sacramento St.,BSky,15,6-112–8,94.1324,107.5289,.1775320,46.7291,51.7252,17.588,17.8227,22.1327,27.4127,31.3144,35.7299,45.2316,53302,33.2189,32.9141,65.4297,-8.5283
St. Francis PA,NEC,20,7-143–7,95.9294,110.0320,.1711321,47.3276,53.7322,18122,18.9158,29.9132,32.3315,28.2237,25.266,47.5258,53.7315,31.2283,35.7278,67.1189,-10.2310
Idaho,BSky,19,5-162–9,99.4230,114.7347,.1611322,48.6231,54.8343,18.5153,15.1334,24.1291,27.9157,3559,35.6298,44.8323,55.1335,36.645,36295,70.742,-12.4340
William & Mary,CAA,21,5-174–5,91.8342,106.1260,.1589323,47283,52.9294,24.1353,18.8163,28.6170,29.3219,31.2148,27.2103,47.6254,55334,30.8295,33145,70.159,-13348
Green Bay,Horz,19,4-163–8,94.6308,109.5309,.1572324,46309,50.6207,19.4218,16.5294,26.4238,29.3219,33.583,31.7221,49.5174,51.8265,26.4356,32.2114,63.7337,-12.7345
Sacred Heart,NEC,19,7-133–4,100.5212,116.6353,.1540325,50.5151,54.3336,19.7232,15.8318,29.9132,31.5292,24.6317,23.941,49.7169,54321,34.4127,36.4303,66.9211,-10.4318
,,,,,,,,,,,,,,,,,,,,
Northern Arizona,BSky,18,7-133–6,96.6286,112.1334,.1534326,48.1251,52.6284,20.5282,14348,26.7232,23.729,30.9161,35.9302,44.8323,51.4249,35.289,36.7311,66.8219,-9.6301
Lafayette   (H) 340 American,Pat,18,5-142–6,94.2319,109.3305,.1532327,49.1210,52.3272,17.270,16.5294,21.7335,29.7236,18358,27.4110,50.4145,50.6216,31.7262,36.8315,65.8270,-10.8326
UTSA,CUSA,18,8-141–8,92.0339,107.1283,.1483328,40.6358,53.4313,17.270,17.2267,32.456,27.5135,27.4255,27.7121,41.3356,51.1240,26357,37.9334,68.7106,-10.6321
Maryland Eastern Shore,MEAC,13,7-92–3,89.7351,104.4219,.1480329,44.5339,51.2230,20.1259,23.616,27224,31.6298,31.1154,33.9265,42353,51.7259,32.1245,33.7186,67.9149,-6.2217
Cal St. Northridge,BW,17,5-141–7,91.9340,107.1279,.1471330,42353,51.2230,18.4147,19.7110,26.3245,33.2332,27.7245,31.7221,42.4349,52.9299,27.4352,32.3120,64.5319,-9.9306
Bucknell   (A) 164 Colgate,Pat,22,5-172–8,97.8264,114.1345,.1446331,50.8139,52.6284,20.3271,13357,22329,29.2211,27.5250,22.627,49.5174,51.9268,35.479,35.8285,68.5125,-13.8354
Northwestern St.,Slnd,19,6-162–3,97.4270,113.8343,.1432332,48.3240,54.6338,21.5326,16.7287,28.1189,32.4319,23.3335,30.4187,47271,56.8354,33.8164,33.7186,71.233,-10.1309
Morgan St.,MEAC,14,7-112–4,93.6328,109.8313,.1384333,44.4340,54.3336,22341,22.728,30.8107,31.3284,29.5193,44.8351,45.4311,52.1278,28.5337,38.5343,72.59,-8.4277
Central Michigan,MAC,17,4-133–3,96.9280,113.7342,.1366334,48253,54.8343,20.1259,16.6292,23.3307,32.1312,29.5193,37.7316,43.3341,56.4349,36.837,35247,68.6111,-8.3275
Bethune Cookman,SWAC,20,5-163–6,89.5352,105.5249,.1312335,43.8346,50.2191,20254,19.2143,27.6204,29.5227,24.9310,31.6218,43.2343,50.9231,30.3304,32.7133,66.5235,-12.4339
Lamar   (A) 284 UT Rio Grande Valley,WAC,19,2-190–8,94.5312,111.4330,.1302336,44.7338,53.2307,20.2265,17.5248,31.872,32.3315,25.2303,38.9330,43.4340,51.5256,31.4273,37.1323,65.8269,-14.8356
Hampton   (H) 236 USC Upstate,BSth,16,6-122–5,87.9354,103.7206,.1301337,41.4356,47.467,18.6164,17.4257,22.7317,31.6298,35.453,39.4333,41.5354,49.8173,27.5348,28.818,66.8221,-9.5299
NJIT   (A) 95 Vermont,AE,18,8-113–6,90.6348,107.0276,.1293338,46.1307,48.8132,18.5153,17.7234,23313,26.695,31.4141,30180,44.8323,48.3127,32.3240,32.9141,66.8216,-8.6285
Western Michigan,MAC,18,4-170–10,98.1256,116.2351,.1250339,49.3200,55.7350,21.7332,15.5327,28.4177,33.3334,23.2336,29.3155,50.5140,56.8354,31.8253,36295,65.5293,-12.6343
American   (A) 327 Lafayette,Pat,20,6-142–6,94.0325,111.9333,.1183340,50170,54.1332,20.5282,16.7287,24296,29.5227,23.7330,27.7121,50.3148,55.3336,32.8215,34.5228,64.8312,-11.2331
Chicago St.   (A) 143 Abilene Christian,WAC,21,6-152–6,94.4313,112.8337,.1153341,45.8317,53.4313,22.1342,18.7171,31.872,31.5292,29.1208,37.3315,44.9322,50.1188,31.3280,39.2352,66.9210,-11327
Fairleigh Dickinson,NEC,17,2-152–5,92.6332,110.6324,.1149342,45.1332,53.5317,20254,18.4191,27224,33.8341,27.4255,34.9288,43.2343,55.5339,32.6230,33.1150,69.775,-11.4334
Nebraska Omaha,Sum,21,4-183–8,97.8263,117.2355,.1114343,48.3240,55.6349,18.9179,14.6340,23.1310,30.6262,27.9242,35.1291,46.7283,53.3308,34.2142,39.5355,7065,-13.2351
Houston Baptist,Slnd,14,6-122–3,92.0338,110.8325,.1061344,46.4300,55346,23.8352,18.9158,29.3147,27.6139,32.6104,38320,48.8207,52.6292,27.9342,39.4354,67.2187,-9.1290
North Dakota,Sum,21,4-190–10,97.9261,117.9358,.1054345,45.7320,56.8354,18122,13.7351,28.9159,26.8101,30.8164,29.4158,46.3296,56345,29.9315,39349,67.1191,-15.4358
Alabama A&M,SWAC,19,5-144–5,85.0356,102.4174,.1048346,40.7357,49.4158,20.2265,21.940,27.9197,33.4335,27.3260,29.5161,40.6358,46.970,27.5348,35.2262,66.2252,-10.6322
Charleston Southern   (A) 297 Radford,BSth,18,4-161–7,91.1345,112.2335,.0841347,44.4340,55.5348,21304,17.3261,26.4238,2681,28.2237,27.4110,47271,56.4349,27.6345,36295,70.936,-12.5342
Columbia,Ivy,17,4-141–5,94.3317,116.5352,.0808348,50.1166,54.2335,21.2314,15336,27.9197,27.7148,29.1208,25.266,48240,51.7259,36.353,38.6344,69.679,-11.9337
Central Connecticut,NEC,22,5-172–7,89.7350,110.9326,.0806349,46.5296,53.4313,20.7293,19.4132,24.2288,31.8303,28.4228,27.1100,43.8336,54321,33.8164,35247,66.6229,-13.4353
Arkansas Pine Bluff,SWAC,20,5-173–6,94.5310,117.2357,.0781350,45.2329,55.9353,20.7293,18.3194,22.6320,35.8354,31.7133,31.8224,48.4221,57.1357,27.1354,35.5272,67.3181,-11.1329
Holy Cross,Pat,18,5-153–5,91.7344,114.2346,.0742351,45.1332,53.8323,19.1194,17.8227,28.8162,30.4255,29.3205,28.3139,43.8336,53.9319,32.4237,35.8285,66.8220,-13349
Idaho St.,BSky,17,3-161–9,89.1353,111.2328,.0724352,44.8336,53.3309,21.7332,16.9281,24296,29.7236,32.2116,35.2293,46.7283,54.7329,28.4339,33.9205,64.4324,-13.1350
Maine   (H) 291 UMass Lowell,AE,17,4-161–8,90.1349,113.7341,.0644353,45.4326,55.7350,20.7293,18.2202,23.9300,30.1248,20.6352,34.8285,46.6286,55.8341,29.1330,36.9317,66.2253,-12.8347
Incarnate Word,Slnd,19,4-180–5,92.2337,116.9354,.0610354,48.1251,57.1356,21.2314,18.3194,21344,33.5337,27.4255,29.6165,46.9276,56.3347,33.1193,39349,66.3247,-13.3352
Mississippi Valley St.,SWAC,19,1-181–8,91.7343,117.2356,.0567355,42.8350,59.6358,18.5153,21.448,24.1291,34.1345,31.2148,38.3323,42.6348,56.9356,28.7335,43.5358,71.423,-14.1355
Eastern Illinois,OVC,19,4-172–6,81.9357,105.1238,.0540356,43.2348,51.5240,24.6356,17.5248,19.9349,34.2347,31.2148,24.651,41.4355,53.7315,30.9290,32.3120,65.5292,-12.7346
Delaware St.   (H) 302 Coppin St.,MEAC,14,2-150–4,86.6355,114.8350,.0374357,42.1352,52.5280,25.5357,18.5182,28.2184,39358,34.665,29.2152,42.2351,48.1110,27.9342,38.8345,67.1192,-12.7344
IUPUI,Horz,17,2-170–8,80.0358,113.8344,.0170358,41.9354,53300,26.6358,20.863,29.4145,33.7339,26290,40.4340,42.3350,51.7259,27.5348,36.5306,62.1350,-14.9357
,,,,,,,,,,,,,,,,,,,,
